{"0": {"precision": 0.7486338797814208, "recall": 0.818259385665529, "f1-score": 0.7818997146351407, "support": 1172}, "1": {"precision": 0.9013432144511347, "recall": 0.8580246913580247, "f1-score": 0.8791506663654846, "support": 2268}, "accuracy": 0.8444767441860465, "macro avg": {"precision": 0.8249885471162778, "recall": 0.8381420385117768, "f1-score": 0.8305251905003126, "support": 3440}, "weighted avg": {"precision": 0.8493154992671508, "recall": 0.8444767441860465, "f1-score": 0.8460174932759604, "support": 3440}}