{"0": {"precision": 0.8696911196911197, "recall": 0.7687713310580204, "f1-score": 0.816123188405797, "support": 1172}, "1": {"precision": 0.8872712146422629, "recall": 0.9404761904761905, "f1-score": 0.9130993150684931, "support": 2268}, "accuracy": 0.8819767441860465, "macro avg": {"precision": 0.8784811671666912, "recall": 0.8546237607671054, "f1-score": 0.864611251737145, "support": 3440}, "weighted avg": {"precision": 0.8812817171763502, "recall": 0.8819767441860465, "f1-score": 0.8800597742403885, "support": 3440}}