{"0": {"precision": 0.8620689655172413, "recall": 0.7851239669421488, "f1-score": 0.8217993079584774, "support": 1210}, "1": {"precision": 0.8888413852073536, "recall": 0.9318691169878978, "f1-score": 0.9098468271334792, "support": 2231}, "accuracy": 0.8802673641383318, "macro avg": {"precision": 0.8754551753622974, "recall": 0.8584965419650232, "f1-score": 0.8658230675459784, "support": 3441}, "weighted avg": {"precision": 0.8794270789518942, "recall": 0.8802673641383318, "f1-score": 0.8788856245174512, "support": 3441}}