{"0": {"precision": 0.7481089258698941, "recall": 0.8173553719008264, "f1-score": 0.7812006319115323, "support": 1210}, "1": {"precision": 0.8957055214723927, "recall": 0.8507395786642761, "f1-score": 0.8726436781609195, "support": 2231}, "accuracy": 0.8390002906131938, "macro avg": {"precision": 0.8219072236711433, "recall": 0.8340474752825513, "f1-score": 0.8269221550362259, "support": 3441}, "weighted avg": {"precision": 0.843804364634548, "recall": 0.8390002906131938, "f1-score": 0.8404884657337883, "support": 3441}}