{"0": {"precision": 0.7809090909090909, "recall": 0.7329351535836177, "f1-score": 0.756161971830986, "support": 1172}, "1": {"precision": 0.8662393162393163, "recall": 0.8937389770723104, "f1-score": 0.8797743055555555, "support": 2268}, "accuracy": 0.838953488372093, "macro avg": {"precision": 0.8235742035742035, "recall": 0.8133370653279641, "f1-score": 0.8179681386932707, "support": 3440}, "weighted avg": {"precision": 0.8371675069116931, "recall": 0.838953488372093, "f1-score": 0.8376598709261383, "support": 3440}}
# test vide