{"0": {"precision": 0.7398373983739838, "recall": 0.7520661157024794, "f1-score": 0.7459016393442623, "support": 1210}, "1": {"precision": 0.864314789687924, "recall": 0.8565665620797849, "f1-score": 0.8604232327780279, "support": 2231}, "accuracy": 0.8198198198198198, "macro avg": {"precision": 0.8020760940309539, "recall": 0.8043163388911321, "f1-score": 0.8031624360611451, "support": 3441}, "weighted avg": {"precision": 0.8205433152648296, "recall": 0.8198198198198198, "f1-score": 0.820152634680133, "support": 3441}}