{"0": {"precision": 0.751892346509672, "recall": 0.7627986348122867, "f1-score": 0.7573062261753494, "support": 1172}, "1": {"precision": 0.8764993336294981, "recall": 0.8699294532627866, "f1-score": 0.8732020358486391, "support": 2268}, "accuracy": 0.8334302325581395, "macro avg": {"precision": 0.814195840069585, "recall": 0.8163640440375366, "f1-score": 0.8152541310119943, "support": 3440}, "weighted avg": {"precision": 0.8340460229014642, "recall": 0.8334302325581395, "f1-score": 0.833716603018088, "support": 3440}}